{
  "1APIC": 2.8157532554254825,
  "2APIC": 2.7169359415297007,
  "3APIC": 3.2584026415276384
}